{
  "accuracy": 0.969758064516129,
  "macro_f1": 0.9697495466049074,
  "classification_report": {
    "0.0": {
      "precision": 0.9936708860759493,
      "recall": 0.9573170731707317,
      "f1-score": 0.9751552795031055,
      "support": 164
    },
    "1.0": {
      "precision": 0.9693251533742331,
      "recall": 0.9518072289156626,
      "f1-score": 0.9604863221884498,
      "support": 166
    },
    "2.0": {
      "precision": 0.9485714285714286,
      "recall": 1.0,
      "f1-score": 0.9736070381231672,
      "support": 166
    },
    "accuracy": 0.969758064516129,
    "macro avg": {
      "precision": 0.970522489340537,
      "recall": 0.9697081006954648,
      "f1-score": 0.9697495466049074,
      "support": 496
    },
    "weighted avg": {
      "precision": 0.97042914903112,
      "recall": 0.969758064516129,
      "f1-score": 0.9697277492948341,
      "support": 496
    }
  }
}